dialect,mean_delta,std_delta,n_pairs
aave,-0.635,0.8206452623494158,400
indian,-0.6625,0.8125542202845639,400
singapore,-0.7355163727959698,0.8336805627250753,397
