dialect,mean_delta,std_delta,n_pairs
aave,-0.43,0.7,100
indian,-0.5,0.6435381994422819,100
singapore,-0.65,0.7159792333764036,100
