dialect,wilcoxon_stat,p_value,significant_p05,n_pairs
aave,744.5,2.2976999193450428e-32,True,400
indian,964.5,5.1477789111415865e-34,True,400
singapore,449.0,7.479936036020976e-36,True,397
