judge_model,dialect,mean_score,std_score,n
claude-sonnet-4-5,aave,1.1326530612244898,0.3409433578146889,98
claude-sonnet-4-5,indian,1.1020408163265305,0.30425829769936324,98
claude-sonnet-4-5,sae,2.58,0.6224746962525847,100
claude-sonnet-4-5,singapore,1.0510204081632653,0.22117068930131148,98
