dialect,mean_delta,std_delta,n_pairs
aave,-1.2576530612244898,0.6651289527805282,392
indian,-1.3035714285714286,0.6950224931501532,392
singapore,-1.3580562659846547,0.6791248568451871,391
