dialect,mean_delta,std_delta,n_pairs
aave,-1.4591836734693877,0.6760767257583563,98
indian,-1.489795918367347,0.6772427112048353,98
singapore,-1.5408163265306123,0.6760767257583563,98
