dialect,wilcoxon_stat,p_value,significant_p05,n_pairs
aave,0.0,1.2518214977719156e-63,True,392
indian,0.0,4.0249924429007714e-63,True,392
singapore,0.0,9.664098299144714e-65,True,391
